<?xml version="1.0" encoding="UTF-8"?>
<!-- camel-k: language=xml dependency=camel-language -->

<routes xmlns:xsi="http://www.w3.org/2001/XMLSchema-instance"
        xmlns="http://camel.apache.org/schema/spring"
        xsi:schemaLocation="
            http://camel.apache.org/schema/spring
            https://camel.apache.org/schema/spring/camel-spring.xsd">


	<!-- Main Price Engine service -->
    <!-- Provides a price tag for a given item header -->
    <route id="main">
        <from uri="platform-http:/price"/>

        <to uri="direct:load-catalogue"/>
        
        <setBody>
            <jsonpath>$[?(@.item == '${header.item}')]</jsonpath>
        </setBody>

        <log message="${body}"/>

        <setBody>
            <simple>${body[0]}</simple>
        </setBody>
        
        <choice>
            <when>
                <simple>${body[item]} == "other"</simple>
                <log message="need to provide list of products"/>
                <to uri="direct:products"/>
                <log message="new: ${body}"/>
            </when>
        </choice>

        <marshal>
            <json/>
        </marshal>

        <convertBodyTo type="String"/>
    </route>

</routes>
