<?xml version="1.0" encoding="UTF-8"?>
<!-- camel-k: language=xml dependency=camel-language -->

<routes xmlns:xsi="http://www.w3.org/2001/XMLSchema-instance"
        xmlns="http://camel.apache.org/schema/spring"
        xsi:schemaLocation="
            http://camel.apache.org/schema/spring
            https://camel.apache.org/schema/spring/camel-spring.xsd">



    <route id="get-item">
        <from uri="platform-http:/item"/>
        
        <unmarshal>
            <json/>
        </unmarshal>
        
        <!-- Find item for product -->
        <setHeader name="product">
            <simple>${body[product]}</simple>
        </setHeader>

        <to uri="direct:load-catalogue"/>

        <setBody>
            <jq>.[] | select(.label == header("product")).item</jq>
        </setBody>

        <setBody>
            <simple>{"item":"${body}"}</simple>
        </setBody>
    </route>


    <route id="products">
        <from uri="direct:products"/>
        <setProperty name="temp">
            <simple>${body}</simple>
        </setProperty>

        <to uri="direct:load-catalogue"/>
        <setProperty name="products">
            <jq>.[].label</jq>
        </setProperty>

        <setBody>
            <simple>${exchangeProperty.temp}</simple>
        </setBody>

        <to uri="language:simple:${body.put(products,${exchangeProperty.products})}?transform=false"/>

        <log message="${body}"/>
    </route>

    <route id="startup-show-products">
        <from uri="timer:products?repeatCount=1"/>
        <to uri="direct:load-catalogue"/>
        <setBody>
            <jq>.[] | select(.label!="Unknown product").label</jq>
        </setBody>
        <log message="${body}"/>
    </route>

    <route id="load-catalogue">
        <from uri="direct:load-catalogue"/>
        <to uri="language:constant:resource:classpath:catalogue.json"/>
        <!-- <to uri="language:constant:resource:file:/deployments/config/catalogue.json"/> -->
    </route>

</routes>
